id,source_id,video_id,start_seconds,end_seconds,timestamp_url,reported_play,design_proposal,evidence_basis,frame_verified
DK4-V01-O01,DK4-V01,7SwS3OAFOLw,288,379,https://www.youtube.com/watch?v=7SwS3OAFOLw&t=288,"교역소·술집에서 구매와 선원 모집을 설명하고, 목적별 자동배치를 선택한다고 말한다.",도시 시설을 계약·채용·출항 준비의 행동 공간으로 연결한다.,timecoded_automatic_captions,False
DK4-V01-O02,DK4-V01,7SwS3OAFOLw,446,522,https://www.youtube.com/watch?v=7SwS3OAFOLw&t=446,매입가를 찾지 못해 이익 판단을 여러 번 되짚는다.,매입 원가·운송비·예상 이익을 같은 거래 화면에서 비교한다.,timecoded_automatic_captions,False
DK4-V01-O03,DK4-V01,7SwS3OAFOLw,534,638,https://www.youtube.com/watch?v=7SwS3OAFOLw&t=534,측량사와 장비를 통한 자동이동을 설명한다.,직원 성장으로 반복 업무의 위임 범위를 넓힌다.,timecoded_automatic_captions,False
DK4-V01-O04,DK4-V01,7SwS3OAFOLw,654,726,https://www.youtube.com/watch?v=7SwS3OAFOLw&t=654,효율적인 교역보다 동료 수집과 이야기를 우선하겠다고 말한다.,여행 보상에 수익·현지 정보·동료 영입·문화 경험을 함께 둔다.,timecoded_automatic_captions,False
DK4-V01-O05,DK4-V01,7SwS3OAFOLw,1551,1640,https://www.youtube.com/watch?v=7SwS3OAFOLw&t=1551,새 동료의 정보 해설 기능과 능력치를 살피며 배치를 검토한다.,영입 직후 새 정보나 업무 선택지를 체험하게 한다.,timecoded_automatic_captions,False
DK4-V01-O06,DK4-V01,7SwS3OAFOLw,2680,2814,https://www.youtube.com/watch?v=7SwS3OAFOLw&t=2680,모집 조작 실수 뒤 자금 부족으로 계약하지 못해 귀항 판매한다고 말한다.,확정 전에 비용·거래 후 잔액·필수 운영비를 보여준다.,timecoded_automatic_captions,False
DK4-V02-O01,DK4-V02,hA_dNUMdnBE,555,622,https://www.youtube.com/watch?v=hA_dNUMdnBE&t=555,선박을 개조해 화물칸을 늘리고 무역 물량을 확보하려 한다.,회사의 운송 용량 증설은 적재 공간·고정비·필요 인력을 함께 비교하게 한다.,timecoded_automatic_captions,False
DK4-V02-O02,DK4-V02,hA_dNUMdnBE,738,807,https://www.youtube.com/watch?v=hA_dNUMdnBE&t=738,술집에서 선원을 모집하며 짧은 항로에서는 최소한의 인원과 보급으로 운영하려 한다.,인력 규모를 성공 확률 보너스 하나로 처리하지 않고 운항·급여·보급 수요와 연결한다.,timecoded_automatic_captions,False
DK4-V02-O03,DK4-V02,hA_dNUMdnBE,870,1002,https://www.youtube.com/watch?v=hA_dNUMdnBE&t=870,방향 조작·바람·항구 위치에 혼란을 겪으며 이동 목표를 바꾼다.,"물류 경로의 제약과 도착 전망을 먼저 보여주고, 반복 이동의 직접 조작 부담을 검증한다.",timecoded_automatic_captions,False
DK4-V02-O04,DK4-V02,hA_dNUMdnBE,1825,1839,https://www.youtube.com/watch?v=hA_dNUMdnBE&t=1825,새 인재를 찾을 도시의 단서를 받고 앞으로의 방문 경로를 고민한다.,직원 영입 단서는 문화 탐방과 신규 거점 진출의 동기가 될 수 있다.,timecoded_automatic_captions,False
DK4-V02-O05,DK4-V02,hA_dNUMdnBE,2410,2492,https://www.youtube.com/watch?v=hA_dNUMdnBE&t=2410,무역 규모가 작은데 선박을 다섯 척 보유할 필요가 있는지 질문하고 정박·매각과 선원 재배치를 검토한다.,수집한 자산을 모두 가동할 필요는 없게 하되 휴업·매각·재배치의 비용을 비교한다.,timecoded_automatic_captions,False
DK4-V02-O06,DK4-V02,hA_dNUMdnBE,2502,2546,https://www.youtube.com/watch?v=hA_dNUMdnBE&t=2502,새 동료에게 일을 맡기려 하지만 표시된 수치가 현재 능력 보너스인지 직무에 필요한 조건인지 헷갈려 한다.,현재 능력·필요 자격·배치 후 변화량을 서로 다른 이름과 열로 표시한다.,timecoded_automatic_captions,False
DK4-V03-O01,DK4-V03,NM7kSHMeQT4,1292,1739,https://www.youtube.com/watch?v=NM7kSHMeQT4&t=1292,"21:32부터 읽는 튜토리얼은 선장·조범수·조타수·부관·측량사 등 직무마다 서로 다른 기능이 있다고 설명하고, 진행자는 소수의 동료를 어느 자리에 둘지 여러 번 바꾸면서 측량 담당자가 없다는 점을 알아차린다. 26:45 이후에는 일반 선원을 모집·배치하며, 인원을 늘리면 보급 소모 때문에 항해 가능 일수가 줄어든다는 안내를 듣고 모든 지원자를 배치하지는 않는다.","직원 카드에는 능력치뿐 아니라 담당 가능한 업무와 그 업무가 해금하는 기능을 표시한다. 고유 동료를 통한 전문 직무와 일반 인력을 통한 처리량을 구분하고, 채용 확인창에 급여·유지비·운영 가능 기간의 변화를 함께 보여준다.",timecoded_automatic_captions,False
DK4-V03-O02,DK4-V03,NM7kSHMeQT4,2396,2485,https://www.youtube.com/watch?v=NM7kSHMeQT4&t=2396,"39:56부터 읽는 설명에서는 인접 도시와의 계약으로 항로가 연결되고, 선장과 측량 담당자가 있으면 연결된 항로에서 자동 이동을 쓸 수 있다고 안내한다. 측량 담당자가 없는 현재 상황을 해결하기 위해 도구를 사서 동료에게 장비하라는 제안이 이어지며, 진행자는 자동 이동을 확보해야 할 당장의 목표로 받아들인다.","자동 물류 운용에는 확보한 노선과 담당 직원이라는 두 조건을 제시한다. 부족한 자격을 새 직원 채용, 기존 직원 교육, 업무 도구 지원 중 어떤 방식으로 충족할지 선택할 수 있게 설계하되, 초반 핵심 기능의 해금까지 지나치게 오래 반복 조작을 강요하지 않는다.",timecoded_automatic_captions,False
DK4-V03-O03,DK4-V03,NM7kSHMeQT4,3631,3935,https://www.youtube.com/watch?v=NM7kSHMeQT4&t=3631,"1:00:31부터 진행자는 보유 도구의 장비와 측량 담당 배치를 시도한 다음 자동 이동 목적지를 선택하며, 한동안 도달 가능한 도시와 클릭 위치를 혼동한다. 이후 목적지 선택이 되었다고 말하고, 1:05:30에는 자동 항해를 쓰자 이동이 한결 편해졌다고 평가한다.","반복 업무의 위임은 직원 성장의 체감 보상으로 연결할 수 있다. 자동화가 실행되지 않을 때는 미충족 자격·노선 미연결·목적지 선택 문제를 구별해 알려주고, 선택 가능한 목적지와 실행 결과를 즉시 확인하게 한다.",timecoded_automatic_captions,False
DK4-V03-O04,DK4-V03,NM7kSHMeQT4,7083,7414,https://www.youtube.com/watch?v=NM7kSHMeQT4&t=7083,"1:58:03부터 새 인물을 동료로 받아들이는 대화가 이어지며, 새 동료는 기존 지역의 높은 계약·투자 비용과 성장 여지의 제약을 설명하고 다른 지역 진출을 권한다. 진행자는 이 설명을 현재의 자금 문제와 연결한 뒤 신규 동료의 능력과 기존 동료의 레벨·장비 효과를 비교하며 배치를 다시 검토한다.","신규 동료는 능력치 상승 외에 시장 정보, 현지 인맥, 새 계약의 단서를 제공하게 한다. 다만 대항해시대의 지역 발전 서사를 현대 국가의 고정된 우열로 옮기지 않고, 상품별 수요·기업 경쟁·물류 접근성 등 시나리오 조건으로 시장 진출 판단을 구성한다.",timecoded_automatic_captions,False
DK4-V03-O05,DK4-V03,NM7kSHMeQT4,11547,12283,https://www.youtube.com/watch?v=NM7kSHMeQT4&t=11547,"3:12:27부터 진행자는 보유 화물과 도시별 시세를 대조하며, 품목 분류와 가격 지수의 뜻을 확인하고 매입지와 판매지를 정하는 방법을 스스로 정리한다. 이후 특정 도시 사이의 거래를 시험해 이익이 났다고 보고하고, 반복 거래 후 시세 변화와 돌아오는 길에 팔 화물까지 확인하려 하며, 수요가 차면 가격이 하락할 것이라는 말은 이 시점에서 진행자의 가설이다.","시세 지수만 제시하지 말고 실제 매입 원가·예상 판매액·운송비·왕복 소요일을 한 화면에서 비교하게 한다. 시험 거래의 예상과 결과를 나란히 기록하면 플레이어가 수요 변화와 왕복 노선의 수익성을 학습할 수 있으며, 원작 자막으로 확인하지 못한 가격 공식은 별도 모델로 명시한다.",timecoded_automatic_captions,False
DK4-V03-O06,DK4-V03,NM7kSHMeQT4,13872,14295,https://www.youtube.com/watch?v=NM7kSHMeQT4&t=13872,"3:51:12부터 선박 관리에 관심이 많은 인물을 동료로 영입하는 대화를 읽은 뒤, 담당실과 전문 인력의 조합이 장거리 항해에 어떤 도움을 주는지 설명을 듣는다. 진행자는 이후 선실 개조와 배치를 검토하며 목재실·조리실에 담당자를 둘 생각을 말하고, 인력과 자금이 한정된 상황에서 다른 보직과의 우선순위를 고민한다.","부서 시설을 짓는 것과 적임자를 배치하는 것을 함께 요구하면 직원 수집과 회사 확장이 연결된다. 예를 들어 법무팀 공간만으로 모든 통관 문제가 해결되지 않고, 관련 전문성을 가진 직원과 업무 도구가 갖춰져야 해당 계약을 처리하도록 구성한다.",timecoded_automatic_captions,False
DK4-V04-O01,DK4-V04,7tZ7qNukwKo,820,893,https://www.youtube.com/watch?v=7tZ7qNukwKo&t=820,"상품 등급 숫자의 방향을 혼동하고, 투자 확정 전 점유율이 얼마나 늘어나는지 알기 어렵다고 말한다.",등급에는 의미 라벨을 붙이고 투자 확인창에서 예상 변화와 불확실성을 구분해 보여준다.,timecoded_automatic_captions,False
DK4-V04-O02,DK4-V04,7tZ7qNukwKo,2202,2229,https://www.youtube.com/watch?v=7tZ7qNukwKo&t=2202,도시에 투자할 시점이 고민되지만 우선 선박부터 갖추고 초기 점유율은 작게 유지하기로 한다.,거점 투자와 운송 능력 증설이 경쟁하는 자본 배분을 비용·매출 전망으로 비교한다.,timecoded_automatic_captions,False
DK4-V04-O03,DK4-V04,7tZ7qNukwKo,10119,10160,https://www.youtube.com/watch?v=7tZ7qNukwKo&t=10119,반복 거래 중 일괄 매각은 있는데 일괄 매입은 왜 없는지 질문한다.,반복 주문 템플릿을 제공하되 일괄 실행 전 총액·재고·적재량을 다시 검증한다.,timecoded_automatic_captions,False
DK4-V04-O04,DK4-V04,7tZ7qNukwKo,22651,22915,https://www.youtube.com/watch?v=7tZ7qNukwKo&t=22651,"월이 바뀌는 시점에 재고를 노려 거래하고, 나중에 가격이 떨어지자 유행이 지났기 때문이라고 해석한다.",시세와 이벤트 효과에 관측 시각·만료 여부를 표시한다. 진행자의 해석을 검증된 가격 공식으로 사용하지 않는다.,timecoded_automatic_captions,False
DK4-V04-O05,DK4-V04,7tZ7qNukwKo,23316,23384,https://www.youtube.com/watch?v=7tZ7qNukwKo&t=23316,"지방 함대를 편성하면서 핵심 동료가 본대에서 빠지는 점을 걱정하고, 해역 위임 뒤 알아서 교역하는지 묻는다.",부서장 위임에는 본대의 업무 공백과 위임 범위를 미리 보여주고 실행 기록을 제공한다. 이 구간만으로 자동 교역 성공을 확정하지 않는다.,timecoded_automatic_captions,False
DK4-V05-O01,DK4-V05,56IwBEKHtoA,172,198,https://www.youtube.com/watch?v=56IwBEKHtoA&t=172,유적과 신뢰에 관련된 대화를 따라가며 지역 탐색을 진행한다.,문화 활동이 지역 정보·개인 관계·회사 거래 신뢰 중 무엇을 바꾸는지 구분해서 보여준다.,timecoded_automatic_captions,False
DK4-V05-O02,DK4-V05,56IwBEKHtoA,1169,1221,https://www.youtube.com/watch?v=56IwBEKHtoA&t=1169,교역하려는 중 사건이 연이어 나오자 왜 이벤트가 이렇게 많은지 불평하면서도 목적지 단서를 따른다.,서사 이벤트는 수집·탐방의 동기가 되지만 거래 흐름을 자주 끊을 수 있다. 긴급도가 낮은 사건에는 보류와 기록 기능을 검토한다.,timecoded_automatic_captions,False
DK4-V05-O03,DK4-V05,56IwBEKHtoA,1908,1946,https://www.youtube.com/watch?v=56IwBEKHtoA&t=1908,장비의 수혜가 큰 인물을 확인한 뒤에도 능력이 더 낮은 선호 동료를 믿고 장비를 준다.,좋아하는 동료를 계속 쓰는 선택이 성립하도록 경험·직무 변경·도구 지원을 제공하고 교체와 육성을 함께 비교한다.,timecoded_automatic_captions,False
DK4-V05-O04,DK4-V05,56IwBEKHtoA,2988,3106,https://www.youtube.com/watch?v=56IwBEKHtoA&t=2988,반복 구매 품목의 가격이 올라 기다리면 나아질지 시험하지만 가격이 더 올랐다고 말한다.,한 번 발견한 경로를 영구적인 고정 이익으로 표시하지 않는다. 현재 시세와 과거 거래 결과를 나란히 보여준다.,timecoded_automatic_captions,False
DK4-V05-O05,DK4-V05,56IwBEKHtoA,3445,3524,https://www.youtube.com/watch?v=56IwBEKHtoA&t=3445,선박 개량에 현금을 전부 쓰지 않고 일부는 점유율 투자에 남기기로 한다.,설비 투자 확인창에 운영비·다음 계약 자금·남는 현금을 표시해 투자 후 자금 부족을 예상하게 한다.,timecoded_automatic_captions,False
G3-V01-O01,G3-V01,dzp919i7Y3o,756,885,https://www.youtube.com/watch?v=dzp919i7Y3o&t=756,생산 직원과 운송 직원을 고용하고 수동·목록 반복·자동 생산을 구분한다. 시설 확장으로 고용 한도를 늘린다.,"직무 슬롯, 반복 작업, 시설 수용력을 별도 규칙으로 둔다.",timecoded_automatic_captions,False
G3-V01-O02,G3-V01,dzp919i7Y3o,1140,1221,https://www.youtube.com/watch?v=dzp919i7Y3o&t=1140,채집→사업장 보관→시장 판매의 흐름과 건설·채용·임금·매출 장부를 설명한다.,초기 투자와 반복 운영비를 구분해 다음 투자를 판단하게 한다.,timecoded_automatic_captions,False
G3-V01-O03,G3-V01,dzp919i7Y3o,1471,1586,https://www.youtube.com/watch?v=dzp919i7Y3o&t=1471,제분업으로 확장한다. 자사 농장 재고가 부족하므로 시장에서 원료를 조달하게 둔다.,내부 조달 실패 시 외부 구매라는 대안과 비용을 표시한다.,timecoded_automatic_captions,False
G3-V01-O04,G3-V01,dzp919i7Y3o,1589,1765,https://www.youtube.com/watch?v=dzp919i7Y3o&t=1589,이동·운송량을 높이는 말을 구입하고 시장별 가격과 재고를 살펴 직접 거래한다.,자동 경영 뒤에도 직접 찾는 거래 기회를 남긴다.,timecoded_automatic_captions,False
G3-V01-O05,G3-V01,dzp919i7Y3o,1862,1973,https://www.youtube.com/watch?v=dzp919i7Y3o&t=1862,시민 지위와 공직 신청을 거쳐 접객업을 연다. 행인에게 생산품을 서비스와 함께 판매한다고 설명한다.,규모 확대 외에 새 사업 방식과 사회적 접근권을 성장 보상으로 둔다.,timecoded_automatic_captions,False
G3-V02-O01,G3-V02,FHDHmEN5oCA,1560,1680,https://www.youtube.com/watch?v=FHDHmEN5oCA&t=1560,물을 공급하는 직원과 곡물을 만드는 인물을 나누고 직원 레벨 상승에 능력치를 배분한다.,직원 성장 효과를 실제 맡은 업무와 연결한다.,timecoded_automatic_captions,False
G3-V02-O02,G3-V02,FHDHmEN5oCA,2820,3060,https://www.youtube.com/watch?v=FHDHmEN5oCA&t=2820,반복 운반이 번거롭다고 말한 뒤 운송자를 고용해 두 농장 사이 수동 경로를 만든다. 저빈도 판매는 직접 남긴다.,반복 빈도가 높고 판단이 적은 업무부터 자동화한다.,timecoded_automatic_captions,False
G3-V02-O03,G3-V02,FHDHmEN5oCA,3340,3600,https://www.youtube.com/watch?v=FHDHmEN5oCA&t=3340,보유 사업장 한도 때문에 작위를 올린 뒤 추가 농장과 제분소 진출을 검토한다.,확장 한도를 명확히 표시하고 동일 업종 증설과 가치사슬 확장을 비교하게 한다.,timecoded_automatic_captions,False
G3-V02-O04,G3-V02,FHDHmEN5oCA,8160,8460,https://www.youtube.com/watch?v=FHDHmEN5oCA&t=8160,장부에서 농장 수익이 보이지 않자 임금과 판매 귀속을 의심한다. 전용 운송자를 두고 수익 변화를 확인한다.,부서 손익과 회사 전체 손익을 연결하며 내부 이동·외부 매출의 귀속을 추적 가능하게 한다.,timecoded_automatic_captions,False
G3-V02-O05,G3-V02,FHDHmEN5oCA,14040,14340,https://www.youtube.com/watch?v=FHDHmEN5oCA&t=14040,선술집 원료의 최소 재고와 판매대를 설정하고 운송자에게 재고 규칙을 따른 조달을 맡긴다. 경로 미지정 상태도 점검한다.,자동화 목표·실행 상태·중단 사유를 함께 보여 준다.,timecoded_automatic_captions,False
G3-V03-O01,G3-V03,uYioZlbwjmY,520,620,https://www.youtube.com/watch?v=uYioZlbwjmY&t=520,경쟁 이발소를 의식하며 직원과 가족을 배치한다. 고객이 오면 생산을 멈추고 응대한다고 설명한다.,생산과 고객 응대가 같은 인력을 쓰면 우선순위·기회비용이 드러나게 한다.,timecoded_automatic_captions,False
G3-V03-O02,G3-V03,uYioZlbwjmY,2140,2240,https://www.youtube.com/watch?v=uYioZlbwjmY&t=2140,고용 슬롯을 확장하되 임금 지급 시점 때문에 채용을 다음 날까지 미룬다.,급여 계산 시점이 시간 조작 이득을 만들지 않는지 점검한다.,timecoded_automatic_captions,False
G3-V03-O03,G3-V03,uYioZlbwjmY,6480,6720,https://www.youtube.com/watch?v=uYioZlbwjmY&t=6480,운송자를 고용한 뒤 원료 판매를 막고 필수 재고와 잉여 판매를 설정한다. 처리량과 임금을 비교한다.,매출보다 처리량·재고·임금을 함께 보고 고용의 가치를 판단하게 한다.,timecoded_automatic_captions,False
G3-V03-O04,G3-V03,uYioZlbwjmY,9900,10080,https://www.youtube.com/watch?v=uYioZlbwjmY&t=9900,원료를 소량 구매해 신제품을 시험한다. 다른 사업장에서는 재고가 가득 차도 채집을 계속한다며 자동 생산에 불만을 보인다.,작업 큐에 창고 용량·원료 필요량·중단 사유를 명시하고 오류를 재현할 기록을 남긴다.,timecoded_automatic_captions,False
G3-V03-O05,G3-V03,uYioZlbwjmY,12360,12840,https://www.youtube.com/watch?v=uYioZlbwjmY&t=12360,내부 원료 공급을 확장하고 장부를 점검한다. 자동 생산에서 수동 반복으로 바꾼 뒤 이익이 늘었다고 보고한다.,자동화와 수동 운영의 성과를 동일 기간·조건으로 비교할 도구를 둔다.,timecoded_automatic_captions,False
G3-V04-O01,G3-V04,umEN1hHLhJc,1460,1560,https://www.youtube.com/watch?v=umEN1hHLhJc&t=1460,첫 고용 비용을 확인하고 밀 생산을 지시하지만 물이 없어 작업을 시작하지 못한다. 운반 슬롯도 확인한다.,고용·지시 전에 선행 자원과 적재 제약을 알려 준다.,timecoded_automatic_captions,False
G3-V04-O02,G3-V04,umEN1hHLhJc,1790,1960,https://www.youtube.com/watch?v=umEN1hHLhJc&t=1790,직접 판매대와 시장 운송을 비교하고 운송자를 고용한다. 적재·하역 수량이 불일치하면 표시가 난다고 설명한다.,운송 계획을 저장하기 전에 수량과 경로 연결을 검증한다.,timecoded_automatic_captions,False
G3-V04-O03,G3-V04,umEN1hHLhJc,2255,2370,https://www.youtube.com/watch?v=umEN1hHLhJc&t=2255,물 부족이 재발한다. 주인공을 사교 활동에 쓰기 위해 시설을 확장하고 전담 채집자를 추가한다.,고용의 보상이 생산 증가뿐 아니라 플레이어의 활동 시간 확보가 되게 한다.,timecoded_automatic_captions,False
G3-V04-O04,G3-V04,umEN1hHLhJc,2600,2670,https://www.youtube.com/watch?v=umEN1hHLhJc&t=2600,운송 수입을 확인하는 동안 평판 상승 이벤트를 받지만 자신이 어떻게 일으켰는지 모르겠다고 말한다.,평판 변화에 원인 행동과 영향 지역을 연결한 기록을 제공한다.,timecoded_automatic_captions,False
G3-V04-O05,G3-V04,umEN1hHLhJc,2735,2810,https://www.youtube.com/watch?v=umEN1hHLhJc&t=2735,운송자와 생산자의 레벨 상승을 반기며 힘을 올리고 주인공은 사교를 위해 매력을 선택한다.,직원별 이름·성장·역할을 결합해 애착과 전문화 선택을 만든다.,timecoded_automatic_captions,False
G3-V05-O01,G3-V05,Lv6OwlAGNiQ,121,258,https://www.youtube.com/watch?v=Lv6OwlAGNiQ&t=121,높은 난도에서 자금이 많은 경쟁 가문에게 동맹을 대가로 돈을 받아 초기 사업 단계를 건너뛴다. 동맹 파기 후 재거래는 거절당한다.,난도 보너스가 플레이어에게 이전되는 허점과 관계 이력을 점검한다.,timecoded_automatic_captions,False
G3-V05-O02,G3-V05,Lv6OwlAGNiQ,295,443,https://www.youtube.com/watch?v=Lv6OwlAGNiQ&t=295,자원 시설 임차권을 확보하고 시설의 AI 운영에서 수입을 얻는 방식을 택한다.,직접 사업과 투자 수익이 함께 있어도 자금·운영 책임의 차이를 남긴다.,timecoded_automatic_captions,False
G3-V05-O03,G3-V05,Lv6OwlAGNiQ,663,941,https://www.youtube.com/watch?v=Lv6OwlAGNiQ&t=663,임차한 시설 직원에게 비생산 행동을 지시하고 임차 종료로 책임을 피하는 방법을 설명한다.,권한과 행위 책임을 고용 상태와 별도로 기록한다. 실제 법칙을 모델링한 설명은 아니다.,timecoded_automatic_captions,False
G3-V05-O04,G3-V05,Lv6OwlAGNiQ,1078,1169,https://www.youtube.com/watch?v=Lv6OwlAGNiQ&t=1078,같은 항구에서 다른 도시의 거래 메뉴를 전환해 사고팔며 이동 부담이 거의 없는 차익을 반복한다. 재입고 뒤 다시 거래한다.,지역 간 거래에 실제 운송·재고·체결 시간을 반영하고 반복 매매의 현금 보존을 검증한다.,timecoded_automatic_captions,False
G3-V05-O05,G3-V05,Lv6OwlAGNiQ,1174,1243,https://www.youtube.com/watch?v=Lv6OwlAGNiQ&t=1174,장비로 매력·흥정 보너스를 중첩해 원래 이익이 없던 거래도 흑자로 바뀐다고 설명한다.,"직원·장비·시너지 보너스를 합성할 때 상한과 감소 효과, 매수·매도 가격 역전을 점검한다.",timecoded_automatic_captions,False
SW-V01-O01,SW-V01,wecm-YcecSA,85,408,https://www.youtube.com/watch?v=wecm-YcecSA&t=85,"기존 팀 설정을 복사하고 직무·인원·예산·야간 근무를 바꾼다. 팀장은 전문성 외에 인사·자동화·팀 호환성을 비교하며, 실제 채용에는 시간이 걸린다고 설명한다.",부서 템플릿 복사와 직원 확보를 분리한다. 팀장 능력으로 위임 범위를 정하되 신규 지점이 즉시 완성되지는 않게 한다.,timecoded_automatic_captions,False
SW-V01-O02,SW-V01,wecm-YcecSA,1308,1390,https://www.youtube.com/watch?v=wecm-YcecSA&t=1308,시장 관심을 높일 기능을 고르다가 예술가가 필요한 기능은 제외한다. 여러 역할을 가진 직원이 표시되어 인원 여유를 잘못 판단할 뻔했다고 말한다.,계약의 요구 역량과 실제 가용 시간을 함께 표시한다. 복수 자격 한 명을 여러 명의 작업 용량으로 중복 계산하지 않는다.,timecoded_automatic_captions,False
SW-V01-O03,SW-V01,wecm-YcecSA,1826,2022,https://www.youtube.com/watch?v=wecm-YcecSA&t=1826,개발·지원·마케팅·업데이트 담당 팀과 자동 제작·업데이트 간격을 설정한다. 자동화 후 잘못 시작된 제품을 취소하며 설정을 익히는 중이라고 말한다.,"자동화 설정 전에 실행 예정 작업을 미리 보여 주고, 승인 범위·취소·예외 보고를 제공한다.",timecoded_automatic_captions,False
SW-V01-O04,SW-V01,wecm-YcecSA,2598,2998,https://www.youtube.com/watch?v=wecm-YcecSA&t=2598,연구와 법무 팀을 신설하고 필요한 전문 인력을 찾는다. 연구팀 충원 지연과 늦은 착수 때문에 경쟁 연구보다 뒤처질 가능성을 걱정한다.,"친환경 물류 연구와 인증·계약 업무를 다른 부서가 맡게 한다. 채용, 교육, 연구 성과가 나오는 지연을 일정에 표시한다.",timecoded_automatic_captions,False
SW-V01-O05,SW-V01,wecm-YcecSA,3051,3123,https://www.youtube.com/watch?v=wecm-YcecSA&t=3051,홍보 실수 이후 관리 효율을 회복하는 방법을 모르겠다고 말한다. 후반에는 층을 오가며 결과를 기다리는 시간이 많다고 지적한다.,관리 효율 하락 원인과 회복 행동을 설명한다. 사건별 알림과 다음 중요 사건 이동으로 대기 부담을 줄인다.,timecoded_automatic_captions,False
SW-V02-O01,SW-V02,UhH8iiFRHIk,50,214,https://www.youtube.com/watch?v=UhH8iiFRHIk&t=50,"창업자의 창의성·보상·개발 능력 상한을 비교하고, 다른 창업자에게 디자인·아트·서비스·개발 역할을 나눠 부족 역량을 보완한다.",희귀 직원은 모든 능력의 상위호환보다 전문 강점과 운영 조건을 갖게 한다. 동료 구성이 약점을 메우도록 설계한다.,timecoded_automatic_captions,False
SW-V02-O02,SW-V02,UhH8iiFRHIk,474,605,https://www.youtube.com/watch?v=UhH8iiFRHIk&t=474,주 업무와 보조 업무를 구분한다. 아티스트가 아트 작업이 없을 때 디자인을 돕게 하는 등 단계별 유휴 시간을 줄이려 한다.,주 직무·보조 직무·실제 가용 시간을 분리한다. 법무 검토가 없는 기간에 직원이 문화 조사나 교육을 수행하게 할 수 있다.,timecoded_automatic_captions,False
SW-V02-O03,SW-V02,UhH8iiFRHIk,810,868,https://www.youtube.com/watch?v=UhH8iiFRHIk&t=810,단일 작업에 강한 특성의 직원이 여러 과제에서 비효율적이자 일부 과제를 멈춘다. 아트만 필요한 일은 아티스트에게 따로 맡긴다.,속성·특성을 무조건적인 생산력 보너스로 두지 않는다. 집중형과 다중 업무형이 서로 다른 계약 구성에서 유리하게 한다.,timecoded_automatic_captions,False
SW-V02-O04,SW-V02,UhH8iiFRHIk,927,975,https://www.youtube.com/watch?v=UhH8iiFRHIk&t=927,"계약 완료로 얻은 평판이 채용 후보의 품질과 폭, 더 큰 계약 접근에 연결된다고 설명한다. 총 고용 인원 제한과 후보 풀 규모는 다르다고 정정한다.",무역 실적과 현지 신뢰가 전문가 후보·소개 계약을 열게 한다. 후보 접근권과 실제 채용 정원은 별도 지표로 보여 준다.,timecoded_automatic_captions,False
SW-V02-O05,SW-V02,UhH8iiFRHIk,1620,1989,https://www.youtube.com/watch?v=UhH8iiFRHIk&t=1620,시장 수요와 팀이 가진 전문성에 맞춰 기능 범위를 줄인다. 자체 마케팅 역량 부족을 이유로 퍼블리셔를 선택하며 수수료와 납기를 받아들인다.,계약 범위를 줄이거나 인력을 추가하거나 외주를 쓰는 선택을 같은 화면에서 비교한다. 외주는 비용뿐 아니라 납기·수익 배분 조건을 가진다.,timecoded_automatic_captions,False
SW-V03-O01,SW-V03,XqSQaMBzm2k,2,82,https://www.youtube.com/watch?v=XqSQaMBzm2k&t=2,직무 배정만으로 모든 작업이 가능하지 않으며 전문성 조건이 있다고 설명한다. 미래의 새 기술을 쓰려면 교육 비용·시간과 학습 가능 상태를 고려해야 한다고 말한다.,직무 선택과 자격 보유를 분리한다. 새 운송 기술이 나와도 기존 직원 전원이 즉시 전문가가 되지 않도록 재교육 경로를 만든다.,timecoded_automatic_captions,False
SW-V03-O02,SW-V03,XqSQaMBzm2k,448,540,https://www.youtube.com/watch?v=XqSQaMBzm2k&t=448,계약을 받은 뒤 필요한 전문 인력이 없음을 알게 되는 문제를 지적한다. 자신의 팀에 필요한 수준의 오디오 담당자가 없는 계약을 비교한다.,수주 전 부족 직무·자격과 해소 방법을 경고한다. 이미 계약한 뒤에야 불가능함을 알게 하는 정보 지연을 피한다.,timecoded_automatic_captions,False
SW-V03-O03,SW-V03,XqSQaMBzm2k,699,765,https://www.youtube.com/watch?v=XqSQaMBzm2k&t=699,직원이 형식적으로 업무를 맡을 수 있어도 숙련도가 낮으면 품질에 불리할 수 있다고 말하며 보조 업무를 줄일지 검토한다.,"배치 가능과 배치 권장을 구분한다. 낮은 숙련도에는 처리 시간·오류 위험을 표시하고, 멘토 동반 배치로 성장 경로를 제공한다.",timecoded_automatic_captions,False
SW-V03-O04,SW-V03,XqSQaMBzm2k,870,939,https://www.youtube.com/watch?v=XqSQaMBzm2k&t=870,청소 직원을 정기 고용하고 출근 전후에 일하도록 시간을 잡는다. 휴가도 한 시기에 몰리지 않게 조정한다.,지원 직원과 휴가를 부수 장식으로 두지 않는다. 최소 인력을 유지하는 휴가·교육 일정으로 계약 수행 능력과 연결한다.,timecoded_automatic_captions,False
SW-V03-O05,SW-V03,XqSQaMBzm2k,1269,1455,https://www.youtube.com/watch?v=XqSQaMBzm2k&t=1269,출시 후 제품 재고를 주문하고 지원 문의·버그 수정·기술 업데이트를 계속 처리한다. 판매 증가를 보고 재고를 추가 주문한다.,납품 이후에도 클레임·품질 보증·재주문이 이어지게 한다. 성장으로 늘어난 후속 업무를 서비스팀 규모 결정에 반영한다.,timecoded_automatic_captions,False
SW-V04-O01,SW-V04,i_wlyYwi2Bs,5341,5634,https://www.youtube.com/watch?v=i_wlyYwi2Bs&t=5341,"첫 제품에 필요한 시스템·2D 개발자와 초기 지원 능력을 찾는다. 단일 작업 특성, 팀 호환성, 후보 검색 비용을 비교하며 조건을 일부 양보한다.",채용은 최고 등급 검색보다 현재 계약의 부족 역량에서 시작하게 한다. 탐색 비용과 후보 부족 때문에 조건을 조정하는 선택을 제공한다.,timecoded_automatic_captions,False
SW-V04-O02,SW-V04,i_wlyYwi2Bs,5882,6071,https://www.youtube.com/watch?v=i_wlyYwi2Bs&t=5882,채용비 마련을 위해 보유 주식을 일부 매도한다고 말한다. 새 직원 배치 뒤 지원 인력이 적음을 확인하고 출시 수익으로 팀을 늘릴 계획을 세운다.,투자 자산과 운영 현금을 구분해 채용의 자금 영향을 보여 준다. 부족 인력과 후속 충원 계획을 함께 기록한다.,timecoded_automatic_captions,False
SW-V04-O03,SW-V04,i_wlyYwi2Bs,10047,10395,https://www.youtube.com/watch?v=i_wlyYwi2Bs&t=10047,팀이 커지자 단일 작업 특성을 더는 선호하지 않는다고 말한다. 초기에는 엄격했던 일부 부정 특성을 수용하면서 호환성과 성장 가능성을 중시한다.,회사 단계와 업무 폭에 따라 유용한 직원 조합이 바뀌게 한다. 초반에 강한 직원만 계속 정답이 되는 구조를 피한다.,timecoded_automatic_captions,False
SW-V04-O04,SW-V04,i_wlyYwi2Bs,13147,13315,https://www.youtube.com/watch?v=i_wlyYwi2Bs&t=13147,지원팀 리더가 없음을 알아차리고 재검색한다. 이 팀에는 인사 능력보다 다중 업무와 팀 운영에 맞는 리더를 우선하려 한다.,리더는 총 능력치 순위가 아니라 해당 부서의 병목과 위임 목적에 맞춰 고르게 한다.,timecoded_automatic_captions,False
SW-V04-O05,SW-V04,i_wlyYwi2Bs,13514,13804,https://www.youtube.com/watch?v=i_wlyYwi2Bs&t=13514,회계팀 첫 인물을 고른 뒤 그 인물에 맞는 동료를 찾는다. 고숙련자와 성장 가능한 저비용 인력을 섞고 회계를 주 업무로 설정한다.,핵심 전문가와 신입을 섞는 조직 구성을 지원한다. 팀 시너지가 개별 카드 점수 합계와 다른 이유를 설명한다.,timecoded_automatic_captions,False
SW-V05-O01,SW-V05,bkL1SwbIWCU,0,118,https://www.youtube.com/watch?v=bkL1SwbIWCU&t=0,"창업자의 강점과 부족 전문성을 확인하고, 적은 수의 우수 인력을 고용하려 한다. 전문성과 팀 호환성을 좁힐수록 검색 비용이 늘어난다고 설명한다.",부서 역량 공백에서 채용 검색으로 이어지게 한다. 후보 탐색 정밀도는 비용·기간과 교환하게 할 수 있다.,timecoded_automatic_captions,False
SW-V05-O02,SW-V05,bkL1SwbIWCU,146,478,https://www.youtube.com/watch?v=bkL1SwbIWCU&t=146,특성·개인 요구·주도권 조건으로 후보를 제외한다. 처음 계획한 두 명으로 역할이 채워지지 않아 아티스트를 추가해 세 명을 고용한다.,직원별 요구와 직무 조합을 함께 평가하게 한다. 희귀 카드 한 장보다 계약 수행에 필요한 역할 묶음을 먼저 보여 준다.,timecoded_automatic_captions,False
SW-V05-O03,SW-V05,bkL1SwbIWCU,571,709,https://www.youtube.com/watch?v=bkL1SwbIWCU&t=571,리더에게 급여·불만 처리를 맡기고 주·보조 업무 판정 기준을 조절한다. 교육 분야를 지정하되 한 번에 교육받는 인원을 제한한다.,자동화에는 예산과 가용 인력 하한을 둔다. 교육 목표와 동시 교육 인원은 서로 다른 설정으로 제공한다.,timecoded_automatic_captions,False
SW-V05-O04,SW-V05,bkL1SwbIWCU,1231,1365,https://www.youtube.com/watch?v=bkL1SwbIWCU&t=1231,"정밀한 특성 필터는 비싸고 현재 후보가 적다며, 초기에는 넓게 검색한 뒤 직접 고르는 편을 택한다. 규모가 커지면 정밀 검색으로 시간을 절약하려 한다.",초반의 개인 면접과 후반의 채용 기준 위임을 다른 조작 단계로 설계한다. 필터를 쓰지 않으면 불합리하게 반복 클릭하게 만들지는 않는다.,timecoded_automatic_captions,False
SW-V05-O05,SW-V05,bkL1SwbIWCU,3600,4058,https://www.youtube.com/watch?v=bkL1SwbIWCU&t=3600,"휴가를 분산하고 계약 수행 전담팀을 꾸린다. 이 팀의 수입으로 자체 제품팀 비용을 감당하고, 계약팀에서 경험을 쌓은 직원을 핵심팀으로 옮길 계획을 말한다.",안정적인 일반 물류 부서가 신규 해외 사업을 지원하게 한다. 계약팀 근무 이력이 육성·전보·새 사업 책임자 선발로 이어지도록 한다.,timecoded_automatic_captions,False
TPH-V01-O01,TPH-V01,nZb5ZgCrYDs,91,167,https://www.youtube.com/watch?v=nZb5ZgCrYDs&t=91,"승진·경험과 교육 가능 슬롯을 구분하며, 해당 교육병원은 신입만 채용하는 특수 조건이라고 설명한다.","레벨과 직무 자격을 분리하고, 신입만 채용하는 제약은 시나리오 규칙으로 둔다.",timecoded_automatic_captions,False
TPH-V01-O02,TPH-V01,nZb5ZgCrYDs,180,349,https://www.youtube.com/watch?v=nZb5ZgCrYDs&t=180,교육 속도 보너스만 큰 중앙 교육실보다 왕복 거리가 짧은 여러 교육실을 선호한다.,교육비뿐 아니라 이동·부재 기간을 포함한 총비용을 보여 준다.,timecoded_automatic_captions,False
TPH-V01-O03,TPH-V01,nZb5ZgCrYDs,464,565,https://www.youtube.com/watch?v=nZb5ZgCrYDs&t=464,"부족한 직무를 생각한 뒤 교육 가능한 직원, 과정, 동시 수강자, 강사 순서로 좁힌다.",부족 역량에서 교육 계획을 시작하고 가능한 후보를 자동으로 추린다.,timecoded_automatic_captions,False
TPH-V01-O04,TPH-V01,nZb5ZgCrYDs,565,647,https://www.youtube.com/watch?v=nZb5ZgCrYDs&t=565,"자금이 부족하면 내부 강사, 인력이 부족하고 돈이 있으면 외부 강사를 선택한다고 설명한다.",멘토링의 선임 업무 공백과 외부 교육비를 비교하는 선택을 만든다.,timecoded_automatic_captions,False
TPH-V01-O05,TPH-V01,nZb5ZgCrYDs,854,986,https://www.youtube.com/watch?v=nZb5ZgCrYDs&t=854,"시설 담당 교육을 강조하며, 교육 효율 기술도 한정된 기술 슬롯을 차지한다고 설명한다.",지원 부서의 성장도 납기·설비 가동에 기여하게 하고 범용 기술의 기회비용을 제시한다.,timecoded_automatic_captions,False
TPH-V02-O01,TPH-V02,TRpWkuqk3oc,59,131,https://www.youtube.com/watch?v=TRpWkuqk3oc&t=59,직무 전문화를 권하지만 채용 풀이 제한적이므로 이상적이지 않은 보조 기술도 수용한다.,완벽한 인재를 기다릴지 지금 가능한 인재를 고용할지 선택하게 한다.,timecoded_automatic_captions,False
TPH-V02-O02,TPH-V02,TRpWkuqk3oc,170,246,https://www.youtube.com/watch?v=TRpWkuqk3oc&t=170,필요한 작업 자리보다 한 명 많은 인원을 자신의 기본 원칙으로 삼고 신입의 교육 방향을 정한다.,정원 합계와 실제 가동 가능 인원을 구분하고 예비 인력의 역할을 보여 준다.,timecoded_automatic_captions,False
TPH-V02-O03,TPH-V02,TRpWkuqk3oc,250,315,https://www.youtube.com/watch?v=TRpWkuqk3oc&t=250,한 업무에서 함께 활용되지 않는 기술 조합을 비효율적이라고 평가한다.,합산 능력치보다 해당 계약에서 실제 쓰는 기술을 표시한다. 재교육 경로도 둔다.,timecoded_automatic_captions,False
TPH-V02-O04,TPH-V02,TRpWkuqk3oc,402,479,https://www.youtube.com/watch?v=TRpWkuqk3oc&t=402,예비 인력이 휴식·교육 중 빈자리를 메우며 추가 급여에도 가치가 있다고 판단한다.,추가 급여와 결원·납기 위험 감소를 함께 비교하게 한다.,timecoded_automatic_captions,False
TPH-V02-O05,TPH-V02,TRpWkuqk3oc,529,587,https://www.youtube.com/watch?v=TRpWkuqk3oc&t=529,시설 개선 전문가와 일상 유지관리 담당을 서로 다른 인력 유형으로 분리한다.,기술개발·설비 투자와 일상 운영을 다른 업무로 모델링한다.,timecoded_automatic_captions,False
TPH-V03-O01,TPH-V03,GIpg676bebA,65,179,https://www.youtube.com/watch?v=GIpg676bebA&t=65,신입 간호사의 허용 업무를 기술에 맞춰 제한하며 병동·치료 담당으로 나눈다.,자동 배정에 허용·금지 업무와 전문 분야를 설정한다.,timecoded_automatic_captions,False
TPH-V03-O02,TPH-V03,GIpg676bebA,180,220,https://www.youtube.com/watch?v=GIpg676bebA&t=180,직무별 복장을 달리해 구분한다. 복장 자체의 능력 보너스는 없다고 설명한다.,직무 표식과 수집용 외형을 능력 효과와 분리해 표시한다.,timecoded_automatic_captions,False
TPH-V03-O03,TPH-V03,GIpg676bebA,226,321,https://www.youtube.com/watch?v=GIpg676bebA&t=226,수술 보조의 성과에 직접 쓰이지 않는 기술과 긴 휴식 전환 시간을 구분하며 체력을 선호한다.,지원 직원은 직접 성과 외에도 준비·전환 시간을 줄이는 방식으로 기여하게 한다.,timecoded_automatic_captions,False
TPH-V03-O04,TPH-V03,GIpg676bebA,321,410,https://www.youtube.com/watch?v=GIpg676bebA&t=321,수술 수요가 많은 현재 병원에 맞춰 병동 담당을 수술 보조와 공유하고 교육을 바꾼다.,고정된 최강 덱보다 수주 구성에 맞춰 팀 역할을 바꾸는 재미를 만든다.,timecoded_automatic_captions,False
TPH-V03-O05,TPH-V03,GIpg676bebA,472,566,https://www.youtube.com/watch?v=GIpg676bebA&t=472,자신은 간호사 진단 시설을 쓰지 않고 의사 진단 시설을 선택하므로 진단 간호사를 두지 않는다고 설명한다.,시설·기술 선택에 따라 필요한 인력이 달라지게 한다. 제작자의 선택을 보편 규칙으로 고정하지 않는다.,timecoded_automatic_captions,False
TPH-V04-O01,TPH-V04,Uk2EseTn4hA,289,330,https://www.youtube.com/watch?v=Uk2EseTn4hA&t=289,평소 선호하지 않던 진단 기술이 구급차 운전에서는 중요해졌다고 설명한다. 차량 개선에는 시설 담당이 필요하다.,새 운송 방식이 기존 직원의 가치를 바꾸게 한다. 인력·차량 성능을 연결한다.,timecoded_automatic_captions,False
TPH-V04-O02,TPH-V04,Uk2EseTn4hA,593,644,https://www.youtube.com/watch?v=Uk2EseTn4hA&t=593,"새 치료실에 맞는 의사를 찾고, 교육실을 지을 예정이므로 무기술 신입도 미리 채용한다.",즉시 투입형과 미래 육성형 채용을 구분하고 교육 전 업무 공백을 알린다.,timecoded_automatic_captions,False
TPH-V04-O03,TPH-V04,Uk2EseTn4hA,775,854,https://www.youtube.com/watch?v=Uk2EseTn4hA&t=775,환자 유입을 늘리면 감당하기 어렵다고 보고 추가 차량 구매를 미룬다. 원하는 전문의가 없어 다른 진단실을 택한다.,"수송량 확대 전에 처리 역량을 확인하고, 채용 부족을 설비·외주로 해결할 수 있게 한다.",timecoded_automatic_captions,False
TPH-V04-O04,TPH-V04,Uk2EseTn4hA,2627,2693,https://www.youtube.com/watch?v=Uk2EseTn4hA&t=2627,계속 사용 중인 장비의 개선 시점을 고민하며 일시적 운영 손실을 받아들인다. 사용 목적에 맞춰 교육도 고른다.,설비 강화와 직원 교육의 중단 시간을 일정에 반영한다.,timecoded_automatic_captions,False
TPH-V04-O05,TPH-V04,Uk2EseTn4hA,2854,2959,https://www.youtube.com/watch?v=Uk2EseTn4hA&t=2854,과도한 대기열을 인정하고 별 획득 목표에 해당하는 환자를 우선하며 다른 환자를 돌려보낸다.,단일 목표가 편법을 유도할 수 있다. 납기·고객 신뢰·장기 수익을 함께 평가한다.,timecoded_automatic_captions,False
TPH-V05-O01,TPH-V05,aba_ChvHoDY,20,180,https://www.youtube.com/watch?v=aba_ChvHoDY&t=20,"웨이브 목표에 맞춰 채용·교육을 시작하고, 부족한 자격을 확인해 교육 과정을 바꾼다.",이벤트 목표가 채용·교육 선택에 연결되게 하되 인원 수만 채우는 과제를 줄인다.,timecoded_automatic_captions,False
TPH-V05-O02,TPH-V05,aba_ChvHoDY,626,716,https://www.youtube.com/watch?v=aba_ChvHoDY&t=626,사기 목표를 달성하려 급여가 불만족스러운 직원을 찾아 임금을 조정한다.,직원 만족의 원인을 보여 주고 급여·휴식·업무 부담별 대응을 제공한다.,timecoded_automatic_captions,False
TPH-V05-O03,TPH-V05,aba_ChvHoDY,720,818,https://www.youtube.com/watch?v=aba_ChvHoDY&t=720,간호사가 교육 중인지 먼저 확인한 뒤 실제 부족으로 판단해 채용하고 허용 업무를 일일이 설정한다.,영구 결원과 일시적 부재를 구분한다. 직무별 배정 템플릿으로 반복 설정을 줄인다.,timecoded_automatic_captions,False
TPH-V05-O04,TPH-V05,aba_ChvHoDY,1046,1229,https://www.youtube.com/watch?v=aba_ChvHoDY&t=1046,"진료 공간을 복제·확장한 뒤 의사 수를 다시 세고, 일부가 교육 중이라는 점을 확인한다.",시설을 복사할 때 필요한 직원·현재 가용 인원·교육 종료 시점을 함께 예고한다.,timecoded_automatic_captions,False
TPH-V05-O05,TPH-V05,aba_ChvHoDY,1299,1349,https://www.youtube.com/watch?v=aba_ChvHoDY&t=1299,분산한 진료 공간 사이로 환자가 이동해 예상과 다른 대기열이 생겼다고 말한다.,자동 배정의 이동 비용과 대기 시간을 설명하고 지역·거점 우선 배정 규칙을 제공한다.,timecoded_automatic_captions,False
GDS-V01-O01,GDS-V01,hnTua-TOSVE,43,129,https://www.youtube.com/watch?v=hnTua-TOSVE&t=43,초기 모집비가 부족해 지인 소개를 고르고 직업과 능력에 맞춰 직원 구성을 고민한다.,영입 경로별 비용·지원자 범위와 현재 직무 공백을 함께 보여준다.,timecoded_automatic_captions,False
GDS-V01-O02,GDS-V01,hnTua-TOSVE,358,386,https://www.youtube.com/watch?v=hnTua-TOSVE&t=358,그래픽 제작에 사내 직원과 유료 외주를 비교한 뒤 내부 인력을 선택한다.,채용이 어려운 초반에는 계약별 외주로 전문성 부족을 메우게 한다.,timecoded_automatic_captions,False
GDS-V01-O03,GDS-V01,hnTua-TOSVE,660,714,https://www.youtube.com/watch?v=hnTua-TOSVE&t=660,연구자료로 직원을 성장시키며 새 장르 해금과 연봉 증가 안내를 확인한다.,레벨업 결과에 능력·해금 업무·급여 변화의 세 항목을 표시한다.,timecoded_automatic_captions,False
GDS-V01-O04,GDS-V01,hnTua-TOSVE,1544,1573,https://www.youtube.com/watch?v=hnTua-TOSVE&t=1544,신규 채용과 플랫폼 라이선스 취득 사이에서 예산 배분을 고민한다.,직원 투자와 신규 국가 진출을 같은 운영자금에서 선택하게 한다.,timecoded_automatic_captions,False
GDS-V01-O05,GDS-V01,hnTua-TOSVE,2783,3076,https://www.youtube.com/watch?v=hnTua-TOSVE&t=2783,고급 인재 영입을 위해 외주 수주를 늘리고 후보의 직업·급여와 남은 개발비를 비교한다.,희귀 동료 영입 화면에 계약 후 운영 가능 기간을 표시한다.,timecoded_automatic_captions,False
GDS-V01-O06,GDS-V01,hnTua-TOSVE,18589,18641,https://www.youtube.com/watch?v=hnTua-TOSVE&t=18589,후반에는 급여를 감당할 수 있다고 판단하며 전직과 기초 직업 성장을 검토한다.,후반 전문화는 회사의 현금창출력과 연결된 장기 투자로 둔다.,timecoded_automatic_captions,False
GDS-V02-O01,GDS-V02,8ZTzQKNbGHw,637,755,https://www.youtube.com/watch?v=8ZTzQKNbGHw&t=637,소개로 디자이너와 작가를 고용하고 초기 자금 마련을 위해 납기가 있는 계약을 고른다.,첫 계약에 직무 배치와 납기 판단을 묶는다.,timecoded_automatic_captions,False
GDS-V02-O02,GDS-V02,8ZTzQKNbGHw,865,919,https://www.youtube.com/watch?v=8ZTzQKNbGHw&t=865,계약으로 얻은 연구자료를 직원 레벨업에 쓰며 급여 상승 안내를 확인한다.,작은 수주가 직원 육성과 더 큰 계약으로 이어지게 한다.,timecoded_automatic_captions,False
GDS-V02-O03,GDS-V02,8ZTzQKNbGHw,1108,1340,https://www.youtube.com/watch?v=8ZTzQKNbGHw&t=1108,기획과 그래픽은 사내 직원에게 맡기고 음악은 외주로 해결한다.,계약 단계별 담당자 지정과 외부 전문가 사용을 허용한다.,timecoded_automatic_captions,False
GDS-V02-O04,GDS-V02,8ZTzQKNbGHw,1507,1607,https://www.youtube.com/watch?v=8ZTzQKNbGHw&t=1507,보유 자금으로 새 플랫폼 라이선스를 사지만 검증되지 않은 조합에는 예산을 크게 늘리지 않는다.,신시장 개척은 소규모 시험 계약으로 적합성을 먼저 배우게 한다.,timecoded_automatic_captions,False
GDS-V02-O05,GDS-V02,8ZTzQKNbGHw,1701,1957,https://www.youtube.com/watch?v=8ZTzQKNbGHw&t=1701,직원의 개선 제안을 승인했다가 버그가 늘어난다. 수정 과정에서 연구자료를 얻는다.,실패한 개선도 조사·회고를 거치면 다음 계약의 학습 자료가 되게 한다.,timecoded_automatic_captions,False
GDS-V03-O01,GDS-V03,He_a4LEOIeY,155,255,https://www.youtube.com/watch?v=He_a4LEOIeY&t=155,제한된 직원 자리에 맞춰 후보의 전문 능력과 체력을 비교하고 기존 직원을 교체한다.,현재 업무 능력뿐 아니라 가용 시간과 장기 성장도 후보 비교에 넣는다.,timecoded_automatic_captions,False
GDS-V03-O02,GDS-V03,He_a4LEOIeY,1063,1183,https://www.youtube.com/watch?v=He_a4LEOIeY&t=1063,"성장으로 능력이 늘지만 급여도 오르는 것을 따져 보고, 체력을 쓰는 별도 훈련도 검토한다.",레벨·훈련·휴식의 효과와 비용을 구분해 설명한다.,timecoded_automatic_captions,False
GDS-V03-O03,GDS-V03,He_a4LEOIeY,5379,5447,https://www.youtube.com/watch?v=He_a4LEOIeY&t=5379,훈련을 누르려다 레벨업을 선택해 급여가 오른 것을 후회한 뒤 교육으로 새 소재를 얻는다.,장기 비용을 바꾸는 성장 조작은 급여 변화 미리보기와 취소 단계를 둔다.,timecoded_automatic_captions,False
GDS-V03-O04,GDS-V03,He_a4LEOIeY,7644,7778,https://www.youtube.com/watch?v=He_a4LEOIeY&t=7644,후보의 현재 능력과 직업 레벨을 비교하고 신규 인재가 기존 육성 직원보다 싸고 강한 상황을 지적한다.,오랜 동료의 지역 신뢰·협업 경험이 유지되도록 교체 비용과 숙련 가치를 설계한다.,timecoded_automatic_captions,False
GDS-V03-O05,GDS-V03,He_a4LEOIeY,12276,12422,https://www.youtube.com/watch?v=He_a4LEOIeY&t=12276,직원을 여러 직업으로 성장시키지만 높은 급여 때문에 신규 영입보다 효율이 나쁘다고 평가한다.,강화가 누적 급여만 폭증시키지 않도록 비용 상한과 직무 전문화 경로를 검토한다.,timecoded_automatic_captions,False
GDS-V04-O01,GDS-V04,t2t2JcC9yCE,0,85,https://www.youtube.com/watch?v=t2t2JcC9yCE&t=0,이미 여러 직업을 거친 직원을 추가 전직시키며 하드웨어 엔지니어와 콘솔 개발 해금을 설명한다.,직원 경력과 회사 사업 해금을 연결한다.,timecoded_automatic_captions,False
GDS-V04-O02,GDS-V04,t2t2JcC9yCE,85,225,https://www.youtube.com/watch?v=t2t2JcC9yCE&t=85,콘솔 사양을 고르며 당시 시장 수준과 개발비를 비교한다.,기술 투자는 최고 사양 선택보다 시장 요구와 비용의 적합성 판단으로 만든다.,timecoded_automatic_captions,False
GDS-V04-O03,GDS-V04,t2t2JcC9yCE,225,285,https://www.youtube.com/watch?v=t2t2JcC9yCE&t=225,장기 개발 중 고객이 줄어드는 것을 언급하고 직전 제품 출시와 다음 개발 사이 간격을 줄인다.,대형 설비 투자 중에도 유지해야 하는 고객 계약과 현금흐름을 보여준다.,timecoded_automatic_captions,False
GDS-V04-O04,GDS-V04,t2t2JcC9yCE,285,357,https://www.youtube.com/watch?v=t2t2JcC9yCE&t=285,자체 플랫폼 선택을 놓친 경험을 말하며 기존 성공작의 후속작을 개발한다.,신사업 해금 후 목적 시장 선택 누락을 검출하고 과거 계약 자산을 재활용하게 한다.,timecoded_automatic_captions,False
GDS-V04-O05,GDS-V04,t2t2JcC9yCE,361,389,https://www.youtube.com/watch?v=t2t2JcC9yCE&t=361,유사 경쟁작 등장과 후속작의 성과가 다음 후속작 가능성에 미치는 영향을 설명한다.,반복 거래도 경쟁 변화와 납품 품질에 따라 갱신 조건이 달라지게 한다.,timecoded_automatic_captions,False
GDS-V05-O01,GDS-V05,VtWiKKhZfic,40,83,https://www.youtube.com/watch?v=VtWiKKhZfic&t=40,"기존 직원의 직업 경로와 전직 자원, 성장에 따른 급여 준비를 설명한다.",직원 육성 계획에 필요한 교육·자격·예산을 미리 펼쳐 보여준다.,timecoded_automatic_captions,False
GDS-V05-O02,GDS-V05,VtWiKKhZfic,114,150,https://www.youtube.com/watch?v=VtWiKKhZfic&t=114,장기 신규 사업 전 자금 여력과 숙련 팀 확보를 권한다.,사업 확장 조건을 보유 현금 하나가 아니라 인력 준비와 운전자금으로 구성한다.,timecoded_automatic_captions,False
GDS-V05-O03,GDS-V05,VtWiKKhZfic,153,209,https://www.youtube.com/watch?v=VtWiKKhZfic&t=153,콘솔 개발 중 기존 게임 출시가 멈추고 팬이 감소할 수 있다고 설명한다.,큰 프로젝트가 다른 계약 처리 능력을 잠식하는 기회비용을 보여준다.,timecoded_automatic_captions,False
GDS-V05-O04,GDS-V05,VtWiKKhZfic,216,259,https://www.youtube.com/watch?v=VtWiKKhZfic&t=216,성공작 후속편과 자체 플랫폼을 묶어 초기 수요를 확보하는 전략을 제안한다.,새 물류 거점의 개장은 확보한 고객 계약과 연결하게 한다.,timecoded_automatic_captions,False
GDS-V05-O05,GDS-V05,VtWiKKhZfic,259,277,https://www.youtube.com/watch?v=VtWiKKhZfic&t=259,첫 콘솔은 낮은 사양으로 경험을 쌓은 뒤 더 큰 투자를 하라고 권한다.,첫 해외 지사는 작은 규모의 실험으로 설계하고 성과에 따라 확장한다.,timecoded_automatic_captions,False
GDS-V06-O01,GDS-V06,GVnhFR053Tw,23,89,https://www.youtube.com/watch?v=GVnhFR053Tw&t=23,"저장한 경영 상태를 불러오고 시간 진행, 메뉴 중 정지, 판매와 연간 이익을 설명한다.",계약 판단 중 시간 정지와 기간별 재무 상태를 명확히 한다.,timecoded_automatic_captions,False
GDS-V06-O02,GDS-V06,GVnhFR053Tw,95,170,https://www.youtube.com/watch?v=GVnhFR053Tw&t=95,플랫폼·장르·소재를 선택하고 품질 중심 개발과 비용을 비교한다.,국가·상품·납기·품질 조건을 한 계약 설계 흐름으로 묶는다.,timecoded_automatic_captions,False
GDS-V06-O03,GDS-V06,GVnhFR053Tw,170,218,https://www.youtube.com/watch?v=GVnhFR053Tw&t=170,제안서 담당자를 고르며 동일 인물의 연속 투입에 따른 부담을 언급한다.,고성과 직원에게 모든 계약이 몰리는 문제를 피로와 대체 인력으로 조정한다.,timecoded_automatic_captions,False
GDS-V06-O04,GDS-V06,GVnhFR053Tw,236,288,https://www.youtube.com/watch?v=GVnhFR053Tw&t=236,직원의 개선 제안에 자원과 비용을 투입하고 성공 결과를 확인한다.,직원은 수치 보너스 외에도 비용과 가능성을 갖춘 개선안을 제시하게 한다.,timecoded_automatic_captions,False
GDS-V06-O05,GDS-V06,GVnhFR053Tw,292,340,https://www.youtube.com/watch?v=GVnhFR053Tw&t=292,새 플랫폼이 나와도 비용과 보급 규모를 따져 기존 플랫폼에 남고 다음 단계 담당자를 고른다.,모든 신규 시장 진입이 정답이 되지 않게 수요와 전환 비용을 비교시킨다.,timecoded_automatic_captions,False
