source_id,game,channel,title,url,duration_seconds,sample_role,content_type,transcript_language,frame_reviewed
DK4-V01,대항해시대 4 HD,밀덕형,대항해시대4 HD리마스터 해보기(닌텐도스위치) -1화-,https://www.youtube.com/watch?v=7SwS3OAFOLw,3084,core_play_or_guide,플레이 실황 자막,en-US (auto-generated),False
DK4-V02,대항해시대 4 HD,함크TV,[대항해시대4 PK HD(리마스터)] 호드람 일대기 #1,https://www.youtube.com/watch?v=hA_dNUMdnBE,3150,core_play_or_guide,플레이 실황 자막,ko (auto-generated),False
DK4-V03,대항해시대 4 HD,おついちTube,#1【いざ大海原へ】おついちの「大航海時代IV 」【2BRO.】,https://www.youtube.com/watch?v=NM7kSHMeQT4,15738,core_play_or_guide,플레이 실황 자막,ja (auto-generated),False
DK4-V04,대항해시대 4 HD,옥냥이 RoofTopCAT,[대항해시대4] 세계 7대양을 제패하는 무역 상단이 되어보자!,https://www.youtube.com/watch?v=7tZ7qNukwKo,42778,core_play_or_guide,플레이 실황 자막,ko (auto-generated),False
DK4-V05,대항해시대 4 HD,밀덕형,대항해시대4 HD리마스터 해보기(닌텐도스위치) -2화-,https://www.youtube.com/watch?v=56IwBEKHtoA,3533,core_play_or_guide,플레이 실황 자막,en-US (auto-generated),False
G3-V01,The Guild 3,StrategyJoe,The Guild 3 Basic Tutorial Last Version,https://www.youtube.com/watch?v=dzp919i7Y3o,2214,core_play_or_guide,플레이·공략 해설 자막,en,False
G3-V02,The Guild 3,Nivarias,The Guild 3 EXTREME - Fresh Start In Medieval Life Simulator - London HARDMODE Longplay,https://www.youtube.com/watch?v=FHDHmEN5oCA,21248,core_play_or_guide,플레이 실황 자막,en,False
G3-V03,The Guild 3,Nivarias Longplay,The Guild 3 - Medieval LIFE BUSINESS SIMULATOR Longplay HARDMODE | Strategy Playthrough,https://www.youtube.com/watch?v=uYioZlbwjmY,22852,core_play_or_guide,플레이 실황 자막,en,False
G3-V04,The Guild 3,The Geek Cupboard,From Rags to Riches - A Farmer's Dynasty is Born! | The Guild 3 - Part 1 (Medieval Life Sim),https://www.youtube.com/watch?v=umEN1hHLhJc,3053,core_play_or_guide,플레이 실황 자막,en,False
G3-V05,The Guild 3,The Spiffing Brit,Breaking The Guild 3 With Illegal Trade Deals - Guild 3 Is Perfectly Balanced Game With No Exploits,https://www.youtube.com/watch?v=Lv6OwlAGNiQ,1449,core_play_or_guide,편집된 악용 플레이 해설,en,False
SW-V01,Software Inc.,ConflictNerd,Hiring Night Shift Teams to Develop More Software! — Software Inc. (#9),https://www.youtube.com/watch?v=wecm-YcecSA,3212,core_play_or_guide,플레이 실황 자막,en (auto-generated),False
SW-V02,Software Inc.,ClosetYeti,Software Inc Gameplay and Tutorial ish part 1 - It's Krug (Beta 1.7 2023),https://www.youtube.com/watch?v=UhH8iiFRHIk,2033,core_play_or_guide,플레이 실황 자막,en (auto-generated),False
SW-V03,Software Inc.,ClosetYeti,Software Inc Gameplay and Tutorial ish part 2 - Our First Release (Beta 1.7 2023),https://www.youtube.com/watch?v=XqSQaMBzm2k,1809,core_play_or_guide,플레이 실황 자막,en (auto-generated),False
SW-V04,Software Inc.,Zemalf,Let's begin - Software Inc. | Day 1 | From 0 to 1 Billion+ on Impossible Mode,https://www.youtube.com/watch?v=i_wlyYwi2Bs,14944,core_play_or_guide,플레이 실황 자막,en (auto-generated),False
SW-V05,Software Inc.,Charlie Pryor,Our Core Team Assembles For Our First Project - Software Inc. Gameplay - 02,https://www.youtube.com/watch?v=bkL1SwbIWCU,4792,core_play_or_guide,플레이 실황 자막,en (auto-generated),False
TPH-V01,Two Point Hospital,Adekyn,Two Point Hospital Fundamentals Training,https://www.youtube.com/watch?v=nZb5ZgCrYDs,1069,core_play_or_guide,플레이·공략 해설 자막,"en, auto-generated",False
TPH-V02,Two Point Hospital,Pinstar,Two Point Hospital Strategy & Tactics Quick Tip: Staffing 101,https://www.youtube.com/watch?v=TRpWkuqk3oc,652,core_play_or_guide,플레이·공략 해설 자막,"en, auto-generated",False
TPH-V03,Two Point Hospital,Pinstar,Two Point Hospital Strategy & Tactics Quick Tip: Staffing 201: The Nurse Dichotomy,https://www.youtube.com/watch?v=GIpg676bebA,599,core_play_or_guide,플레이·공략 해설 자막,"en, auto-generated",False
TPH-V04,Two Point Hospital,Power Plays,Speedy Recovery DLC - Ailing - Two Point Hospital Walkthrough - All Hospitals - All 3 Stars - Star 1,https://www.youtube.com/watch?v=Uk2EseTn4hA,3645,core_play_or_guide,플레이·공략 해설 자막,"en, auto-generated",False
TPH-V05,Two Point Hospital,Jackdoor,Mistakes to Avoid in Two Point Hospital! (Close Encounters DLC),https://www.youtube.com/watch?v=aba_ChvHoDY,1630,core_play_or_guide,플레이·공략 해설 자막,"en, auto-generated",False
GDS-V01,게임개발 스토리,옥냥이 RoofTopCAT,Game Dev Story Full Gameplay,https://www.youtube.com/watch?v=hnTua-TOSVE,23473,core_play_or_guide,장시간 플레이 실황,ko,False
GDS-V02,게임개발 스토리,Da' Vane,Let's Play... Game Dev Story Ep. 1,https://www.youtube.com/watch?v=8ZTzQKNbGHw,2119,core_play_or_guide,플레이 실황·초반 튜토리얼,en,False
GDS-V03,게임개발 스토리,DDRJake,Game Dev Story,https://www.youtube.com/watch?v=He_a4LEOIeY,13865,core_play_or_guide,장시간 플레이 실황,en,False
GDS-V04,게임개발 스토리,MrChristovix,Game Dev Story Guide 8 of 8.wmv,https://www.youtube.com/watch?v=t2t2JcC9yCE,548,core_play_or_guide,후반 플레이 공략 해설,en,False
GDS-V05,게임개발 스토리,What's It Like?,How to Develop Your Own Console in Game Dev Story,https://www.youtube.com/watch?v=VtWiKKhZfic,333,core_play_or_guide,직원 경력·사업 확장 공략 해설,en,False
GDS-V06,게임개발 스토리,SlimothyTV,Game Dev Story iPhone App Review,https://www.youtube.com/watch?v=GVnhFR053Tw,395,supplementary_review,플레이 시연을 표방한 리뷰의 단계별 해설,en,False
